CellType,N_Peaks,SNPs_in_Peaks,Rate,OR_vs_iPSC,P_vs_iPSC
Glutamatergic,256947,9,0.03501945525291829,0.2745967741935484,0.0006750182715699568
GABAergic,278416,21,0.08171206225680934,0.6733050847457627,0.2376487728843435
Dopaminergic,281210,14,0.054474708171206226,0.43593964334705076,0.017186350547688033
NPC,256085,13,0.05058365758754864,0.40314207650273226,0.010086075368490073
iPSC,336835,30,0.11673151750972763,,
