period,odds_ratio,fisher_p,mw_p,n_genes,n_target
perinatal,0.7500855090639608,0.0563817634543632,0.9579750465318786,994,460
juvenile,2.26079107830552,3.245736161275887e-07,6.499747412721231e-07,994,261
adult,0.5881425062532393,0.0023960414786133814,0.9977569098653929,994,273
