,n_genes,mapped,n_juvenile,n_high_score,or,or_ci_low,or_ci_high,p
expression_all,2783.0,994.0,261.0,263.0,1.4688003030016097,1.0777513989082381,2.0017365157521856,0.017682383147629058
expression_brain,2783.0,994.0,261.0,263.0,1.5823863636363635,1.1627412494526013,2.153485657278547,0.004187382141690182
expression_dlpfc,2783.0,994.0,261.0,263.0,1.5823863636363635,1.1627412494526013,2.153485657278547,0.004187382141690182
splicing,1700.0,672.0,182.0,247.0,1.2959139317539665,0.9144714726130821,1.8364628846378288,0.15055812679763472
chromatin,582.0,228.0,65.0,57.0,2.305986696230599,1.2254019216631933,4.3394534880238815,0.011111710402603458
