Tissue,Total_Pairs,SCZ_Pairs,SCZ_Genes,Pairs_per_SNP
AdultBrain,3159213,125,122,0.48638132295719844
NPC,1505297,75,75,0.2918287937743191
Liver,1419377,67,67,0.2607003891050584
Heart,1904588,81,81,0.3151750972762646
TCell,2871888,104,104,0.4046692607003891
