PGC3_Genes,AlphaGenome_Genes,Overlap,Overlap_Percent,OR,P
120,1214,29,24.166666666666668,5.027634812444939,9.803411171035933e-11
