period,age_range,n_target_peaks,n_target_total,pct_target,n_bg_peaks,n_bg_total,pct_bg,odds_ratio,p_value
perinatal,0-6y,1123,3574,31.421376608841634,17068,52376,32.58744463112876,0.9478223138358319,0.15531679111108132
juvenile,6-25y,1055,3574,29.51874650251819,18328,52376,34.99312662288071,0.7780380240681515,1.7268277131292226e-11
adult,25y+,873,3574,24.42641298265249,13716,52376,26.18756682449977,0.911011863983496,0.020163195443865307
