SNP,n_genes,n_up,n_down,mean_signed,success
rs13195636,23,13,10,-0.00014868508214535922,True
rs34706883,37,25,12,0.001155331328108504,True
rs67981811,34,17,17,0.00035081014913671156,True
rs13197574,53,22,31,-0.000716396097866994,True
rs13194504,20,14,6,0.0007000446319580078,True
rs13207082,30,12,18,0.005534309024612109,True
rs9257566,36,12,24,-0.000794248448477851,True
rs13195402,40,14,26,-0.0007777683436870575,True
rs66975207,21,15,6,0.0006526616357621693,True
rs2230683,29,14,15,-0.0002206296756349761,True
rs9258375,56,11,45,-0.007819487580231257,True
rs2206853,37,34,3,0.005301436862430057,True
rs34961555,61,24,37,0.0007501637227222568,True
rs2023473,48,24,24,-0.0009248304801682631,True
rs8192589,45,22,23,-0.000138883458243476,True
rs1264347,41,22,19,0.00296340228580847,True
rs2596495,57,27,30,-0.00010975698630015056,True
rs693906,77,36,41,-0.0006822059293846031,True
rs3130351,35,19,16,0.0006165390035935811,True
rs3130544,39,14,25,-0.0012133847444485396,True
rs9274623,30,13,17,-0.0003942514459292094,True
rs13198474,36,18,18,-0.00032131994764010113,True
rs3132451,85,45,40,-0.00029958685969605167,True
rs1480380,37,8,29,-0.0037215400386501002,True
rs62392365,12,5,7,-0.00028759241104125977,True
rs9461856,47,29,18,0.0009397419288437417,True
rs634940,4,1,3,2.3990869522094727e-05,True
rs2815731,23,11,12,-6.847796232804008e-05,True
rs3818528,25,15,10,0.0007134230434894562,True
rs217336,3,0,3,-0.0019526878992716472,True
rs6925964,8,4,4,-0.0006522312760353088,True
rs9454727,6,0,6,-0.003724992275238037,True
rs113113059,35,22,13,0.0004569123366049358,True
rs58120505,9,4,5,-0.00045555830001831055,True
rs6943762,2,2,0,0.0029131174087524414,True
rs2252074,4,1,3,-0.0027672722935676575,True
rs2057884,13,4,9,-0.0019121009569901687,True
rs728055,7,3,4,-0.0008549009050641741,True
rs7803571,2,1,1,-0.0012320280075073242,True
rs33922585,16,8,8,-8.181296288967133e-05,True
rs79210963,8,6,2,0.0008536428213119507,True
rs6974218,3,2,1,-0.00020869572957356772,True
rs7801375,9,1,8,-0.002244946857293447,True
rs1914399,3,1,2,-0.0008521080017089844,True
rs13233308,13,8,5,0.0015191206565270056,True
rs35531336,3,3,0,0.002137144406636556,True
rs7798283,8,4,4,0.0010812319815158844,True
rs2238057,7,7,0,0.0015722683497837611,True
rs4766428,18,12,6,0.0006100485722223917,True
rs61937595,48,29,19,0.00017857070391376814,True
