Pathway,N_PathwayGenes,N_Found,MedianRank,MannWhitney_U,P_value,RankBiserial,P_FDR
Calcium_VoltageGated,10,2,1348.5,2694.0,0.3839688143036997,0.12390243902439024,0.3839688143036997
Calcium_Internal,9,2,205.5,408.0,0.008880223378030638,0.8673170731707317,0.026640670134091913
Glutamate_Ionotropic,14,3,1318.0,3912.0,0.33359269194710855,0.15159401431359787,0.3839688143036997
