Pathway,N_PathwayGenes,N_Found,MedianRank,MannWhitney_U,P_value,RankBiserial,P_FDR
Calcium_VoltageGated,10,2,1348.5,2694.0,0.3839688143036997,0.1239024390243902,0.3839688143036997
Calcium_Internal,9,2,205.5,408.0,0.0088802233780306,0.8673170731707317,0.0266406701340919
Glutamate_Ionotropic,14,3,1318.0,3912.0,0.3335926919471085,0.1515940143135978,0.3839688143036997
