period,n_target_period,n_target_total,pct_target,n_bg_period,n_bg_total,pct_bg,odds_ratio,p_value
late_childhood,107,500,21.4,2225,10000,22.25,0.9513966320725048,0.6996197120210994
adolescent,73,500,14.6,1164,10000,11.64,1.2977699445504076,0.0545400187109109
early_adult,37,500,7.4,855,10000,8.55,0.8547484622282849,0.4111909126001769
