celltype,n_markers,n_overlap,expected,fold_enrichment,p_value,overlap_genes,p_fdr
Excitatory_Glutamatergic,22,4,3.3847,1.1817886371022543,0.445192595979233,"CUX2,GRIA1,GRIN2A,NRGN",1.0
Inhibitory_GABAergic,20,1,3.077,0.3249918752031199,0.9646657012971818,GABBR1,1.0
Dopaminergic,11,1,1.69235,0.5908943185511272,0.8408877159780352,DRD2,1.0
Astrocytes,8,0,1.2308,0.0,1.0,,1.0
Oligodendrocytes,7,1,1.07695,0.9285482148660568,0.6895093127354315,MOG,1.0
Microglia,6,1,0.9231,1.0833062506770663,0.633034769689201,AIF1,1.0
Synaptic,20,1,3.077,0.3249918752031199,0.9646657012971818,CPLX1,1.0
Calcium_Signaling,17,4,2.61545,1.529373530367623,0.2594195486298581,"ATP2A2,CACNA1C,CACNA1D,ITPR3",1.0
