label,p_val,enrichment,observed,expected
Excitatory_Neuron,0.38308418440092007,1.0098791452751714,946,936.7457526239285
Inhibitory_Neuron,0.9256574592083254,0.941973792113013,545,578.5723600414286
Astrocytes,0.7680011089790684,0.9585545677943368,275,286.89029215392856
Oligodendrocytes,0.611674362476647,0.9877765765406535,461,466.7047295396428
Microglia,0.3522773919782574,1.0178923488513043,487,478.4395919171428
OPC,0.0639290475852378,1.0781277600315884,421,390.49175395285715
Fetal_Progenitors,0.010384343910889644,1.0445443363253302,2532,2424.0234827249997
