Cell,Footprint_Frac,Expected,Observed,Enrichment,P_Binom
Excitatory_Neuron,0.030357142857142857,328.8285714285714,591,1.7972890781127813,3.253224660770502e-40
Inhibitory_Neuron,0.032857142857142856,355.9085714285714,640,1.7982146297604522,1.3802261662173272e-43
Astrocytes,0.04285714285714286,464.22857142857146,371,0.7991752831117676,0.9999978426991821
Oligodendrocytes,0.039285714285714285,425.54285714285714,340,0.7989794548140191,0.9999945451036902
Microglia,0.026785714285714284,290.1428571428571,232,0.7996061053668144,0.9998441258653855
iPSC (Progenitor),0.08,866.5600000000001,909,1.048975258493353,0.06949469646400663
