gene_set,n_genes,n_with_eqtl,pct_with_eqtl,background_pct,fold_enrichment,odds_ratio,pvalue
Top 100,100,69,69.0,48.80332986472424,1.4138379528019833,2.3349611390054337,4.3171989807295585e-05
Top 500,500,281,56.2,48.31591173054588,1.1631778843746403,1.3725522479803303,0.0005777193454609161
Top 1000,1000,548,54.800000000000004,47.452445652173914,1.154840371982831,1.3425671951907057,3.4415856263159255e-05
